Year,Amount
2015,0.215
2014,0.195
2013,0.16499999999999998
2012,0.16499999999999998
2011,0.19
2010,0.18
2009,0.14
2008,0.19
2007,0.195
2006,0.1125
2005,0.0825
2004,0.0675
2003,0.055
2002,0.045
2001,0.035
2000,0.015
1998,0.05
1997,0.025